,CH,CDbw,Dunn,DB,PBM,DBCV,clusters
0,353.3674032325119,0.0,0.3581116461764787,0.48770481288357487,0.8280879530538743,0.4866851846920599,2
0,358.56721719643025,0.0,0.06939133310888188,0.7609749366269764,0.9456167239154771,-0.2112098210904161,3
0,313.18384060584265,0.0,0.05923516765666994,0.9011266144589232,0.7342444442746362,-0.17281528970790028,4
0,289.92752658265874,0.0,0.07369630120225765,0.9538839907439165,0.6195982156567039,-0.546125245187954,5
0,273.8211880519698,0.0,0.05955988918975853,0.9748751912463555,0.5524035550372361,-0.5297604862316557,6
0,258.3079457163114,0.0,0.08312792035574816,1.0493335123561756,0.46321232489498027,-0.47752654888028334,7
0,246.56391259290447,0.0,0.08563843099265339,1.0118972304772886,0.3976299536858477,-0.5175943973617132,8
0,240.3152597662511,0.0,0.1022628470754861,1.0453431295940654,0.35658342680310307,-0.45931728305256486,9
0,237.6277488630561,0.0,0.11303538174861995,0.9633687437312825,0.3651449810802194,-0.37393253039272933,10
