,CH,CDbw,Dunn,DB,PBM,DBCV,clusters
0,84.70850444407333,0.0,0.16801332877764985,1.354511532527971,0.27821414994661325,-0.5411016700486635,2
0,83.3170271984246,0.0,0.1350564068697744,1.3095913112417228,0.2658928333550235,-0.37703447953853736,3
0,65.85204613361334,0.0,0.18628061116461173,1.7230661310580344,0.17255929541341614,-0.3052239782225036,4
0,54.928817099473996,0.0,0.18887179585632058,1.7361751651268187,0.1175568135120547,-0.3228043107600349,5
0,46.72167657506388,0.0,0.1712662208926219,1.8125124694540122,0.0943103374600347,-0.425898131777927,6
0,43.196843661298956,0.0,0.18780342408921466,1.6862367373045803,0.07480327091396735,-0.46499881510899577,7
0,39.49601593877572,0.0,0.1603412681004236,1.8855708823693689,0.06413653850046282,-0.40600048030364544,8
0,37.07236252269405,0.0,0.17526363216937066,1.7728713145919592,0.05585637775858615,-0.4428538231959671,9
0,35.480671330975376,0.0,0.19898026679232023,1.7080892272524224,0.04485498303418698,-0.37512980864747514,10
